"Time (UTCG)","x (km)","y (km)","z (km)","vx (km/sec)","vy (km/sec)","vz (km/sec)"
31 Dec 2017 00:00:00.000,6893.149891,-0.427214,-0.231958,0.000535,6.699654,3.637615
31 Dec 2017 00:02:00.000,6832.903671,801.188982,435.010084,-1.003150,6.641102,3.605824
31 Dec 2017 00:04:00.000,6653.106924,1588.787960,862.641400,-1.989022,6.466390,3.510963
31 Dec 2017 00:06:00.000,6356.951000,2348.601183,1275.186282,-2.939603,6.178711,3.354766
31 Dec 2017 00:08:00.000,5949.687162,3067.367104,1665.444300,-3.838094,5.783308,3.140080
31 Dec 2017 00:10:00.000,5438.525741,3732.571262,2026.620656,-4.668695,5.287367,2.870806
31 Dec 2017 00:12:00.000,4832.498452,4332.670676,2352.448023,-5.416896,4.699866,2.551819
31 Dec 2017 00:14:00.000,4142.287228,4857.298084,2637.297439,-6.069744,4.031387,2.188865
31 Dec 2017 00:16:00.000,3380.023606,5297.442131,2876.276136,-6.616066,3.293909,1.788447
31 Dec 2017 00:18:00.000,2559.063319,5645.600339,3065.310602,-7.046660,2.500561,1.357694
31 Dec 2017 00:20:00.000,1693.741112,5895.902406,3201.213524,-7.354431,1.665373,0.904224
31 Dec 2017 00:22:00.000,799.111040,6044.202181,3281.733724,-7.534498,0.803005,0.435996
31 Dec 2017 00:24:00.000,-109.322408,6088.137375,3305.588586,-7.584241,-0.071517,-0.038831
31 Dec 2017 00:26:00.000,-1015.877118,6027.156842,3272.478861,-7.503317,-0.943077,-0.512049
31 Dec 2017 00:28:00.000,-1904.965046,5862.515888,3183.086125,-7.293629,-1.796727,-0.975543
31 Dec 2017 00:30:00.000,-2761.358056,5597.240681,3039.053452,-6.959259,-2.617941,-1.421426
31 Dec 2017 00:32:00.000,-3570.443570,5236.063300,2842.950153,-6.506364,-3.392852,-1.842168
31 Dec 2017 00:34:00.000,-4318.466124,4785.329430,2598.221651,-5.943047,-4.108468,-2.230716
31 Dec 2017 00:36:00.000,-4992.751387,4252.880964,2309.125749,-5.279196,-4.752875,-2.580601
31 Dec 2017 00:38:00.000,-5581.909702,3647.916073,1980.656643,-4.526303,-5.315411,-2.886033
31 Dec 2017 00:40:00.000,-6076.016636,2980.829424,1618.458178,-3.697262,-5.786820,-3.141987
31 Dec 2017 00:42:00.000,-6466.768491,2263.035374,1228.727843,-2.806152,-6.159382,-3.344271
31 Dec 2017 00:44:00.000,-6747.611125,1506.776989,818.113080,-1.868015,-6.427021,-3.489587
31 Dec 2017 00:46:00.000,-6913.840798,724.923795,393.601471,-0.898610,-6.585384,-3.575571
31 Dec 2017 00:48:00.000,-6962.676088,-69.238859,-37.593630,0.085825,-6.631901,-3.600828
31 Dec 2017 00:50:00.000,-6893.300247,-862.225938,-468.150444,1.068825,-6.565817,-3.564948
31 Dec 2017 00:52:00.000,-6706.873607,-1640.571466,-890.757547,2.033946,-6.388205,-3.468512
31 Dec 2017 00:54:00.000,-6406.515948,-2391.047034,-1298.232496,2.965016,-6.101948,-3.313087
31 Dec 2017 00:56:00.000,-5997.258969,-3100.877180,-1683.638785,3.846382,-5.711703,-3.101201
31 Dec 2017 00:58:00.000,-5485.969274,-3757.948776,-2040.399520,4.663156,-5.223839,-2.836313
31 Dec 2017 01:00:00.000,-4881.242591,-4351.011526,-2362.406291,5.401446,-4.646351,-2.522763
31 Dec 2017 01:02:00.000,-4193.270201,-4869.866686,-2644.121632,6.048587,-3.988750,-2.165715
31 Dec 2017 01:04:00.000,-3433.678941,-5305.541116,-2880.673525,6.593353,-3.261928,-1.771082
31 Dec 2017 01:06:00.000,-2615.346492,-5650.443801,-3067.940387,7.026154,-2.478000,-1.345444
31 Dec 2017 01:08:00.000,-1752.194087,-5898.502057,-3202.625019,7.339216,-1.650124,-0.895944
31 Dec 2017 01:10:00.000,-858.959209,-6045.274737,-3282.316075,7.526733,-0.792299,-0.430183
31 Dec 2017 01:12:00.000,49.048672,-6088.039934,-3305.535680,7.584995,0.080859,0.043903
31 Dec 2017 01:14:00.000,956.205818,-6025.854951,-3271.771992,7.512488,0.954353,0.518172
31 Dec 2017 01:16:00.000,1846.841402,-5859.586621,-3181.495663,7.309948,1.813065,0.984414
31 Dec 2017 01:18:00.000,2705.509750,-5591.910489,-3036.159395,6.980392,2.642013,1.434496
31 Dec 2017 01:20:00.000,3517.262833,-5227.277908,-2838.180075,6.529092,3.426626,1.860506
31 Dec 2017 01:22:00.000,4267.917929,-4771.850679,-2590.903288,5.963515,4.153012,2.254901
31 Dec 2017 01:24:00.000,4944.315181,-4233.403542,-2298.550373,5.293221,4.808225,2.610653
31 Dec 2017 01:26:00.000,5534.559714,-3621.195570,-1966.148595,4.529705,5.380513,2.921380
31 Dec 2017 01:28:00.000,6028.243087,-2945.812265,-1599.445414,3.686209,5.859558,3.181480
31 Dec 2017 01:30:00.000,6416.639090,-2218.980940,-1204.808239,2.777486,6.236681,3.386241
31 Dec 2017 01:32:00.000,6692.869369,-1453.362674,-789.111476,1.819534,6.505024,3.531940
31 Dec 2017 01:34:00.000,6852.034911,-662.324851,-359.613021,0.829293,6.659694,3.615919
31 Dec 2017 01:36:00.000,6891.310205,140.301174,76.177315,-0.175675,6.697866,3.636644
31 Dec 2017 01:38:00.000,6809.997731,940.472244,510.634718,-1.177523,6.618841,3.593737
31 Dec 2017 01:40:00.000,6609.541444,1724.190086,936.158749,-2.158464,6.424064,3.487982
31 Dec 2017 01:42:00.000,6293.498882,2477.757043,1345.312186,-3.101115,6.117092,3.321309
31 Dec 2017 01:44:00.000,5867.472622,3188.025398,1730.956402,-3.988830,5.703517,3.096757
31 Dec 2017 01:46:00.000,5339.002783,3842.635068,2086.380421,-4.806013,5.190851,2.818402
31 Dec 2017 01:48:00.000,4717.423217,4430.234782,2405.421005,-5.538409,4.588367,2.491280
31 Dec 2017 01:50:00.000,4013.684871,4940.682364,2682.571404,-6.173361,3.906909,2.121278
31 Dec 2017 01:52:00.000,3240.150493,5365.220369,2913.076713,-6.700031,3.158674,1.715020
31 Dec 2017 01:54:00.000,2410.365385,5696.624014,3093.014194,-7.109574,2.356967,1.279728
31 Dec 2017 01:56:00.000,1538.809295,5929.319090,3219.357300,-7.395278,1.515948,0.823092
31 Dec 2017 01:58:00.000,640.634723,6059.468335,3290.022568,-7.552655,0.650361,0.353117
31 Dec 2017 02:00:00.000,-268.603015,6085.025462,3303.898955,-7.579484,-0.224732,-0.122020
31 Dec 2017 02:02:00.000,-1173.218763,6005.756794,3260.859584,-7.475819,-1.094228,-0.594117
31 Dec 2017 02:04:00.000,-2057.668520,5823.231066,3161.756209,-7.243949,-1.943233,-1.055089
31 Dec 2017 02:06:00.000,-2906.813801,5540.778572,3008.397031,-6.888328,-2.757320,-1.497103
31 Dec 2017 02:08:00.000,-3706.175087,5163.421276,2803.508755,-6.415465,-3.522761,-1.912703
31 Dec 2017 02:10:00.000,-4442.170545,4697.775936,2550.683988,-5.833787,-4.226739,-2.294932
31 Dec 2017 02:12:00.000,-5102.336662,4151.932578,2254.315252,-5.153477,-4.857545,-2.637432
31 Dec 2017 02:14:00.000,-5675.527929,3535.310884,1919.517020,-4.386286,-5.404755,-2.934542
31 Dec 2017 02:16:00.000,-6152.093147,2858.497235,1552.037225,-3.545331,-5.859371,-3.181379
31 Dec 2017 02:18:00.000,-6524.026369,2133.065205,1158.159806,-2.644880,-6.213957,-3.373903
31 Dec 2017 02:20:00.000,-6785.090911,1371.382410,744.599829,-1.700115,-6.462730,-3.508976
31 Dec 2017 02:22:00.000,-6930.915189,586.406571,318.392762,-0.726896,-6.601648,-3.584402
31 Dec 2017 02:24:00.000,-6959.059503,-208.526291,-113.220527,0.258479,-6.628456,-3.598958
31 Dec 2017 02:26:00.000,-6869.053165,-999.918649,-542.911479,1.239532,-6.542719,-3.552407
31 Dec 2017 02:28:00.000,-6662.401652,-1774.330391,-963.382710,2.199848,-6.345829,-3.445504
31 Dec 2017 02:30:00.000,-6342.563715,-2518.596981,-1367.486460,3.123329,-6.040982,-3.279985
31 Dec 2017 02:32:00.000,-5914.898656,-3220.044000,-1748.341082,3.994438,-5.633140,-3.058545
31 Dec 2017 02:34:00.000,-5386.584220,-3866.695185,-2099.443997,4.798443,-5.128965,-2.784801
31 Dec 2017 02:36:00.000,-4766.505864,-4447.471076,-2414.779548,5.521653,-4.536725,-2.463241
31 Dec 2017 02:38:00.000,-4065.118452,-4952.375374,-2688.920190,6.151639,-3.866183,-2.099166
31 Dec 2017 02:40:00.000,-3294.281800,-5372.666130,-2917.119430,6.677448,-3.128457,-1.698614
31 Dec 2017 02:42:00.000,-2467.071842,-5701.008912,-3095.394999,7.089795,-2.335859,-1.268268
31 Dec 2017 02:44:00.000,-1597.569640,-5931.609167,-3220.600710,7.381241,-1.501709,-0.815361
31 Dec 2017 02:46:00.000,-700.630874,-6060.321141,-3290.485604,7.546337,-0.640130,-0.347562
31 Dec 2017 02:48:00.000,208.361040,-6084.730884,-3303.739012,7.581753,0.234176,0.127147
31 Dec 2017 02:50:00.000,1113.754625,-6004.211149,-3260.020367,7.486364,1.106174,0.600603
31 Dec 2017 02:52:00.000,1999.898743,-5819.946358,-3159.972758,7.261308,1.960748,1.064599
31 Dec 2017 02:54:00.000,2851.415229,-5534.926221,-3005.219465,6.909995,2.782971,1.511030
31 Dec 2017 02:56:00.000,3653.470918,-5153.907162,-2798.343014,6.438089,3.558371,1.932038
31 Dec 2017 02:58:00.000,4392.043923,-4683.341278,-2542.846608,5.853434,4.273202,2.320159
31 Dec 2017 03:00:00.000,5054.178870,-4131.273299,-2243.098180,5.165938,4.914709,2.668469
31 Dec 2017 03:02:00.000,5628.225772,-3507.206697,-1904.257692,4.387418,5.471375,2.970714
31 Dec 2017 03:04:00.000,6104.057337,-2821.940901,-1532.188757,3.531400,5.933155,3.221440
31 Dec 2017 03:06:00.000,6473.259801,-2087.382313,-1133.356022,2.612873,6.291676,3.416101
31 Dec 2017 03:08:00.000,6729.292838,-1316.332567,-714.710205,1.648024,6.540416,3.551156
31 Dec 2017 03:10:00.000,6867.614720,-522.258110,-283.562993,0.653924,6.674836,3.624140
31 Dec 2017 03:12:00.000,6885.769675,280.954216,152.545678,-0.351790,6.692481,3.633720
31 Dec 2017 03:14:00.000,6783.435269,1079.250535,585.985175,-1.351255,6.593028,3.579722
31 Dec 2017 03:16:00.000,6562.428636,1858.666845,1009.173664,-2.326732,6.378294,3.463131
31 Dec 2017 03:18:00.000,6226.671399,2605.584021,1414.716565,-3.260942,6.052200,3.286076
31 Dec 2017 03:20:00.000,5782.114149,3306.975473,1795.541016,-4.137401,5.620684,3.051782
31 Dec 2017 03:22:00.000,5236.622376,3950.642288,2145.023551,-4.940728,5.091578,2.764501
31 Dec 2017 03:24:00.000,4599.826644,4525.431050,2457.108356,-5.656931,4.474445,2.429425
31 Dec 2017 03:26:00.000,3882.940614,5021.430059,2726.413821,-6.273656,3.780381,2.052579
31 Dec 2017 03:28:00.000,3098.551205,5430.140319,2948.325366,-6.780401,3.021797,1.640702
31 Dec 2017 03:30:00.000,2260.385671,5744.618359,3119.072995,-7.168687,2.212166,1.201108
31 Dec 2017 03:32:00.000,1383.060730,5959.588713,3235.792363,-7.432187,1.365769,0.741552
31 Dec 2017 03:34:00.000,481.819044,6071.524665,3296.568621,-7.566806,0.497426,0.270080
31 Dec 2017 03:36:00.000,-427.741626,6078.696591,3300.462659,-7.570723,-0.377776,-0.205115
31 Dec 2017 03:38:00.000,-1329.941395,5981.187965,3247.519799,-7.444387,-1.244749,-0.675844
31 Dec 2017 03:40:00.000,-2209.288418,5780.879695,3138.761293,-7.190472,-2.088667,-1.134053
31 Dec 2017 03:42:00.000,-3050.741640,5481.404058,2976.159303,-6.813800,-2.895206,-1.571969
31 Dec 2017 03:44:00.000,-3839.961922,5088.069925,2762.596314,-6.321228,-3.650784,-1.982214
31 Dec 2017 03:46:00.000,-4563.547832,4607.761399,2501.810086,-5.721501,-4.342763,-2.357928
31 Dec 2017 03:48:00.000,-5209.252800,4048.812228,2198.325475,-5.025091,-4.959650,-2.692870
31 Dec 2017 03:50:00.000,-5766.180876,3420.858606,1857.374509,-4.244004,-5.491257,-2.981509
31 Dec 2017 03:52:00.000,-6224.958720,2734.673119,1484.806222,-3.391576,-5.928853,-3.219104
31 Dec 2017 03:54:00.000,-6577.881943,2001.982634,1086.987784,-2.482248,-6.265284,-3.401772
31 Dec 2017 03:56:00.000,-6819.034256,1235.273056,670.698486,-1.531341,-6.495069,-3.526534
31 Dec 2017 03:58:00.000,-6944.378280,447.583803,243.018156,-0.554809,-6.614472,-3.591365
31 Dec 2017 04:00:00.000,-6951.817175,-347.705078,-188.788435,0.431001,-6.621558,-3.595212
31 Dec 2017 04:02:00.000,-6841.226535,-1137.090290,-617.389596,1.409603,-6.516211,-3.538013
31 Dec 2017 04:04:00.000,-6614.456275,-1907.164274,-1035.505617,2.364621,-6.300140,-3.420697
31 Dec 2017 04:06:00.000,-6275.302504,-2644.832950,-1436.026992,3.280035,-5.976855,-3.245167
31 Dec 2017 04:08:00.000,-5829.449610,-3337.529325,-1812.130403,4.140434,-5.551622,-3.014284
31 Dec 2017 04:10:00.000,-5284.383080,-3973.420096,-2157.390890,4.931251,-5.031389,-2.731821
31 Dec 2017 04:12:00.000,-4649.273856,-4541.602356,-2465.888658,5.639000,-4.424696,-2.402414
31 Dec 2017 04:14:00.000,-3934.835346,-5032.287507,-2732.308933,6.251495,-3.741555,-2.031498
31 Dec 2017 04:16:00.000,-3153.154549,-5436.969490,-2952.033303,6.758061,-2.993303,-1.625231
31 Dec 2017 04:18:00.000,-2317.499183,-5748.574519,-3121.221014,7.149726,-2.192443,-1.190399
31 Dec 2017 04:20:00.000,-1442.103062,-5961.589516,-3236.878710,7.419388,-1.352452,-0.734321
31 Dec 2017 04:22:00.000,-541.932492,-6072.166671,-3296.917201,7.561961,-0.487571,-0.264729
31 Dec 2017 04:24:00.000,367.563135,-6078.201674,-3300.193941,7.574496,0.387422,0.210353
31 Dec 2017 04:26:00.000,1270.712839,-5979.383500,-3246.540055,7.456262,1.257460,0.682745
31 Dec 2017 04:28:00.000,2151.893535,-5777.213965,-3136.770964,7.208792,2.107439,1.144246
31 Dec 2017 04:30:00.000,2995.802921,-5474.995767,-2972.679886,6.835897,2.922493,1.586784
31 Dec 2017 04:32:00.000,3787.730870,-5077.788214,-2757.013801,6.343627,3.688258,2.002560
31 Dec 2017 04:34:00.000,4513.824161,-4592.330546,-2493.431817,5.740196,4.391142,2.384195
31 Dec 2017 04:36:00.000,5161.339238,-4026.933371,-2186.446227,5.035861,5.018589,2.724871
31 Dec 2017 04:38:00.000,5718.877673,-3391.339568,-1841.346980,4.242753,5.559325,3.018467
31 Dec 2017 04:40:00.000,6176.599186,-2696.556689,-1464.110691,3.374672,6.003583,3.259679
31 Dec 2017 04:42:00.000,6526.407366,-1954.663730,-1061.295717,2.446839,6.343302,3.444132
31 Dec 2017 04:44:00.000,6762.103759,-1178.595801,-639.925251,1.475615,6.572299,3.568467
31 Dec 2017 04:46:00.000,6879.506604,-381.910916,-207.360691,0.478198,6.686394,3.630415
31 Dec 2017 04:48:00.000,6876.531324,421.456379,228.832121,-0.527712,6.683502,3.628845
31 Dec 2017 04:50:00.000,6753.230759,1217.449373,661.021014,-1.524251,6.563676,3.563785
31 Dec 2017 04:52:00.000,6511.794150,1992.146165,1081.647014,-2.493732,6.329107,3.436424
31 Dec 2017 04:54:00.000,6156.504883,2732.013764,1483.362308,-3.418995,5.984073,3.249086
31 Dec 2017 04:56:00.000,5693.658060,3424.153926,1859.163719,-4.283727,5.534856,3.005182
31 Dec 2017 04:58:00.000,5131.439944,4056.535592,2202.518918,-5.072769,4.989604,2.709133
31 Dec 2017 05:00:00.000,4479.772220,4618.209223,2507.482789,-5.772399,4.358162,2.366288
31 Dec 2017 05:02:00.000,3750.124822,5099.498845,2768.801709,-6.370574,3.651874,1.982806
31 Dec 2017 05:04:00.000,2955.301690,5492.168292,2982.003804,-6.857135,2.883354,1.565533
31 Dec 2017 05:06:00.000,2109.204328,5789.558856,3143.473691,-7.223971,2.066236,1.121875
31 Dec 2017 05:08:00.000,1226.578335,5986.696289,3250.510574,-7.465140,1.214917,0.659646
31 Dec 2017 05:10:00.000,322.748219,6080.365902,3301.369020,-7.576946,0.344280,0.186929
31 Dec 2017 05:12:00.000,-586.654187,6069.155224,3295.282119,-7.557965,-0.530566,-0.288074
31 Dec 2017 05:14:00.000,-1485.962562,5953.464396,3232.467131,-7.409039,-1.394563,-0.757186
31 Dec 2017 05:16:00.000,-2359.745282,5735.485086,3114.114033,-7.133227,-2.232953,-1.212395
31 Dec 2017 05:18:00.000,-3193.066422,5419.149252,2942.357705,-6.735716,-3.031528,-1.645985
31 Dec 2017 05:20:00.000,-3971.734463,5010.049565,2720.234719,-6.223702,-3.776855,-2.050665
31 Dec 2017 05:22:00.000,-4682.535032,4515.333614,2451.625898,-5.606248,-4.456483,-2.419673
31 Dec 2017 05:24:00.000,-5313.444509,3943.574351,2141.185976,-4.894107,-5.059137,-2.746887
31 Dec 2017 05:26:00.000,-5853.821774,3304.619391,1794.261770,-4.099534,-5.574874,-3.026909
31 Dec 2017 05:28:00.000,-6294.575841,2609.421930,1416.800382,-3.236074,-5.995231,-3.255145
31 Dec 2017 05:30:00.000,-6628.307529,1869.856143,1015.248959,-2.318340,-6.313340,-3.427863
31 Dec 2017 05:32:00.000,-6849.423731,1098.519915,596.447596,-1.361781,-6.524020,-3.542253
31 Dec 2017 05:34:00.000,-6954.223163,308.527832,167.516931,-0.382438,-6.623849,-3.596456
31 Dec 2017 05:36:00.000,-6940.952822,-486.702704,-264.257981,0.603301,-6.611209,-3.589593
31 Dec 2017 05:38:00.000,-6809.834641,-1273.669342,-691.545964,1.578951,-6.486304,-3.521775
31 Dec 2017 05:40:00.000,-6563.062114,-2039.003758,-1107.088609,2.528178,-6.251161,-3.394103
31 Dec 2017 05:42:00.000,-6204.766929,-2769.688880,-1503.818224,3.435053,-5.909600,-3.208651
31 Dec 2017 05:44:00.000,-5740.955885,-3453.271480,-1874.973259,4.284295,-5.467188,-2.968441
31 Dec 2017 05:46:00.000,-5179.418667,-4078.067250,-2214.209653,5.061510,-4.931160,-2.677401
31 Dec 2017 05:48:00.000,-4529.607319,-4633.355482,-2515.706536,5.753423,-4.310321,-2.340313
31 Dec 2017 05:50:00.000,-3802.488605,-5109.560437,-2774.264707,6.348100,-3.614927,-1.962745
31 Dec 2017 05:52:00.000,-3010.370799,-5498.416547,-2985.396329,6.835149,-2.856533,-1.550971
31 Dec 2017 05:54:00.000,-2166.706812,-5793.114608,-3145.404307,7.205913,-2.047826,-1.111878
31 Dec 2017 05:56:00.000,-1285.876048,-5988.426233,-3251.449857,7.453635,-1.202431,-0.652867
31 Dec 2017 05:58:00.000,-382.947783,-6080.803956,-3301.606864,7.573595,-0.334701,-0.181728
31 Dec 2017 06:00:00.000,526.570635,-6068.454641,-3294.901733,7.563227,0.540517,0.293477
31 Dec 2017 06:02:00.000,1426.996996,-5951.384080,-3231.337611,7.422193,1.408130,0.764552
31 Dec 2017 06:04:00.000,2302.744645,-5731.411127,-3111.902054,7.152427,2.253059,1.223311
31 Dec 2017 06:06:00.000,3138.595468,-5412.150103,-2938.557477,6.758135,3.060503,1.661717
31 Dec 2017 06:08:00.000,3919.970503,-4998.960857,-2714.214042,6.245752,3.816215,2.072035
31 Dec 2017 06:10:00.000,4633.192957,-4498.866436,-2442.684950,5.623861,4.506766,2.446974
31 Dec 2017 06:12:00.000,5265.738320,-3920.439062,-2128.624540,4.903060,5.119809,2.779829
31 Dec 2017 06:14:00.000,5806.466262,-3273.655874,-1777.449954,4.095787,5.644315,3.064612
31 Dec 2017 06:16:00.000,6245.829217,-2569.726618,-1395.247588,3.216111,6.070802,3.296176
31 Dec 2017 06:18:00.000,6576.052861,-1820.896275,-988.665922,2.279472,6.391530,3.470317
31 Dec 2017 06:20:00.000,6791.284255,-1040.226274,-564.796735,1.302403,6.600655,3.583863
31 Dec 2017 06:22:00.000,6887.704080,-241.358630,-131.047034,0.302212,6.694361,3.634741
31 Dec 2017 06:24:00.000,6863.600186,561.732215,304.995678,-0.703347,6.670934,3.622022
31 Dec 2017 06:26:00.000,6719.400659,1354.994604,735.701974,-1.696416,6.530804,3.545937
31 Dec 2017 06:28:00.000,6457.665548,2124.556536,1153.539973,-2.659376,6.276529,3.407877
31 Dec 2017 06:30:00.000,6083.037470,2856.978702,1551.212726,-3.575191,5.912749,3.210361
31 Dec 2017 06:32:00.000,5602.152337,3539.498337,1921.790618,-4.427730,5.446081,2.956981
31 Dec 2017 06:34:00.000,5023.512400,4160.258819,2258.836029,-5.202066,4.884984,2.652330
31 Dec 2017 06:36:00.000,4357.324724,4708.520378,2556.517741,-5.884754,4.239582,2.301905
31 Dec 2017 06:38:00.000,3615.308934,5174.847866,2809.712885,-6.464068,3.521457,1.911995
31 Dec 2017 06:40:00.000,2810.478733,5551.272172,3014.094589,-6.930195,2.743420,1.489555
31 Dec 2017 06:42:00.000,1956.902094,5831.422634,3166.203865,-7.275398,1.919258,1.042072
31 Dec 2017 06:44:00.000,1069.445357,6010.628523,3263.504715,-7.494124,1.063472,0.577418
31 Dec 2017 06:46:00.000,163.506542,6085.988484,3304.421832,-7.583072,0.191006,0.103708
31 Dec 2017 06:48:00.000,-745.256823,6056.407517,3288.360679,-7.541218,-0.683024,-0.370851
31 Dec 2017 06:50:00.000,-1641.200240,5922.601782,3215.710100,-7.369798,-1.543591,-0.838101
31 Dec 2017 06:52:00.000,-2508.960314,5687.072127,3087.827943,-7.072248,-2.376018,-1.290072
31 Dec 2017 06:54:00.000,-3333.713883,5354.047753,2907.010478,-6.654117,-3.166216,-1.719115
31 Dec 2017 06:56:00.000,-4101.424185,4929.401877,2676.446601,-6.122941,-3.900909,-2.118021
31 Dec 2017 06:58:00.000,-4799.070462,4420.541601,2400.158039,-5.488089,-4.567841,-2.480135
31 Dec 2017 07:00:00.000,-5414.857924,3836.274456,2082.926892,-4.760594,-5.155957,-2.799456
31 Dec 2017 07:02:00.000,-5938.405427,3186.654285,1730.211950,-3.952950,-5.655564,-3.070721
31 Dec 2017 07:04:00.000,-6360.908679,2482.809237,1348.055305,-3.078907,-6.058471,-3.289481
31 Dec 2017 07:06:00.000,-6675.277213,1736.754734,942.980797,-2.153241,-6.358098,-3.452165
31 Dec 2017 07:08:00.000,-6876.243734,961.194296,521.885876,-1.191522,-6.549569,-3.556126
31 Dec 2017 07:10:00.000,-6960.444785,169.311113,91.928428,-0.209870,-6.629775,-3.599674
31 Dec 2017 07:12:00.000,-6926.472018,-625.446743,-339.589840,0.775292,-6.597416,-3.582104
31 Dec 2017 07:14:00.000,-6774.893600,-1409.584583,-765.341911,1.747487,-6.453015,-3.503701
31 Dec 2017 07:16:00.000,-6508.245582,-2169.779982,-1178.094298,2.690435,-6.198916,-3.365736
31 Dec 2017 07:18:00.000,-6130.993295,-2893.099401,-1570.824663,3.588303,-5.839250,-3.170454
31 Dec 2017 07:20:00.000,-5649.463124,-3567.209666,-1936.836641,4.425946,-5.379881,-2.921037
31 Dec 2017 07:22:00.000,-5071.745251,-4180.581440,-2269.870311,5.189152,-4.828328,-2.621568
31 Dec 2017 07:24:00.000,-4407.568294,-4722.681776,-2564.206751,5.864863,-4.193658,-2.276971
31 Dec 2017 07:26:00.000,-3668.147065,-5184.152866,-2814.765087,6.441402,-3.486367,-1.892943
31 Dec 2017 07:28:00.000,-2866.005066,-5556.974118,-3017.190492,6.908668,-2.718219,-1.475873
31 Dec 2017 07:30:00.000,-2014.773716,-5834.604736,-3167.931605,7.258324,-1.902082,-1.032746
31 Dec 2017 07:32:00.000,-1128.970747,-6012.104090,-3264.305882,7.483961,-1.051724,-0.571040
31 Dec 2017 07:34:00.000,-223.760678,-6086.227318,-3304.551508,7.581229,-0.181601,-0.098601
31 Dec 2017 07:36:00.000,685.299264,-6055.493825,-3287.864585,7.547947,0.693379,0.376474
31 Dec 2017 07:38:00.000,1582.523938,-5920.226663,-3214.420515,7.384173,1.558105,0.845982
31 Dec 2017 07:40:00.000,2452.371493,-5682.561178,-3085.378698,7.092240,2.397528,1.301751
31 Dec 2017 07:42:00.000,3279.716314,-5346.421791,-2902.869919,6.676748,3.196925,1.735788
31 Dec 2017 07:44:00.000,4050.118676,-4917.466363,-2669.966146,6.144517,3.942172,2.140425
31 Dec 2017 07:46:00.000,4750.085892,-4402.998250,-2390.632777,5.504491,4.620013,2.508462
31 Dec 2017 07:48:00.000,5367.319616,-3811.846863,-2069.663792,4.767604,5.218311,2.833311
31 Dec 2017 07:50:00.000,5890.944023,-3154.218313,-1712.600656,3.946599,5.726295,3.109124
31 Dec 2017 07:52:00.000,6311.709801,-2441.518484,-1325.636257,3.055801,6.134776,3.330911
31 Dec 2017 07:54:00.000,6622.169261,-1686.151622,-915.505552,2.110865,6.436332,3.494643
31 Dec 2017 07:56:00.000,6816.818428,-901.298238,-489.364973,1.128481,6.625469,3.597336
31 Dec 2017 07:58:00.000,6892.202678,-100.676728,-54.663001,0.126060,6.698733,3.637115
31 Dec 2017 08:00:00.000,6846.983311,701.706403,380.995453,-0.878599,6.654785,3.613253
31 Dec 2017 08:02:00.000,6681.963400,1491.812437,809.987989,-1.867656,6.494427,3.526186
31 Dec 2017 08:04:00.000,6400.072285,2255.827043,1224.814036,-2.823572,6.220590,3.377505
31 Dec 2017 08:06:00.000,6006.309075,2980.412079,1618.231575,-3.729445,5.838267,3.169920
31 Dec 2017 08:08:00.000,5507.646593,3652.947308,1983.388377,-4.569332,5.354408,2.907206
31 Dec 2017 08:10:00.000,4912.898120,4261.757009,2313.945044,-5.328550,4.777778,2.594121
31 Dec 2017 08:12:00.000,4232.550193,4796.316946,2604.187382,-5.993936,4.118770,2.236309
31 Dec 2017 08:14:00.000,3478.565424,5247.437750,2849.125972,-6.554087,3.389201,1.840186
31 Dec 2017 08:16:00.000,2664.159915,5607.421429,3044.581145,-6.999543,2.602070,1.412809
31 Dec 2017 08:18:00.000,1803.560254,5870.188477,3187.251998,-7.322943,1.771309,0.961742
31 Dec 2017 08:20:00.000,911.745336,6031.373816,3274.768489,-7.519124,0.911516,0.494913
31 Dec 2017 08:22:00.000,4.178338,6088.390557,3305.726051,-7.585184,0.037684,0.020461
31 Dec 2017 08:24:00.000,-903.465880,6040.461314,3279.702598,-7.520496,-0.835067,-0.453405
31 Dec 2017 08:26:00.000,-1795.572871,5888.617452,3197.258116,-7.326686,-1.691755,-0.918548
31 Dec 2017 08:28:00.000,-2656.855417,5635.667270,3059.917386,-7.007569,-2.517786,-1.367046
31 Dec 2017 08:30:00.000,-3472.610677,5286.134620,2870.136658,-6.569050,-3.299200,-1.791319
31 Dec 2017 08:32:00.000,-4228.963685,4846.169884,2631.255320,-6.018998,-4.022884,-2.184248
31 Dec 2017 08:34:00.000,-4913.093742,4323.435580,2347.433777,-5.367088,-4.676780,-2.539284
31 Dec 2017 08:36:00.000,-5513.440646,3726.969090,2023.578926,-4.624621,-5.250061,-2.850550
31 Dec 2017 08:38:00.000,-6019.888230,3067.025206,1665.258666,-3.804329,-5.733287,-3.112920
31 Dec 2017 08:40:00.000,-6423.923101,2354.901288,1278.606961,-2.920156,-6.118541,-3.322097
31 Dec 2017 08:42:00.000,-6718.766861,1602.747898,870.221029,-1.987036,-6.399538,-3.474665
31 Dec 2017 08:44:00.000,-6899.480497,823.367795,447.052199,-1.020651,-6.571705,-3.568144
31 Dec 2017 08:46:00.000,-6963.039954,30.006181,16.292028,-0.037194,-6.632247,-3.601016
31 Dec 2017 08:48:00.000,-6908.382194,-763.864893,-414.744757,0.946885,-6.580184,-3.572748
31 Dec 2017 08:50:00.000,-6736.421356,-1544.765120,-838.738947,1.915126,-6.416359,-3.483798
31 Dec 2017 08:52:00.000,-6450.034860,-2299.424618,-1248.485585,2.851309,-6.143432,-3.335611
31 Dec 2017 08:54:00.000,-6054.019590,-3014.999867,-1637.011210,3.739704,-5.765840,-3.130596
31 Dec 2017 08:56:00.000,-5555.018534,-3679.283992,-1997.688028,4.565313,-5.289746,-2.872097
31 Dec 2017 08:58:00.000,-4961.418526,-4280.908534,-2324.343473,5.314109,-4.722945,-2.564350
31 Dec 2017 09:00:00.000,-4283.220089,-4809.533792,-2611.363544,5.973260,-4.074767,-2.212418
31 Dec 2017 09:02:00.000,-3531.880636,-5256.024865,-2853.788394,6.531351,-3.355939,-1.822126
31 Dec 2017 09:04:00.000,-2720.132743,-5612.610512,-3047.398586,6.978578,-2.578433,-1.399975
31 Dec 2017 09:06:00.000,-1861.779534,-5873.022037,-3188.790496,7.306930,-1.755288,-0.953044
31 Dec 2017 09:08:00.000,-971.469720,-6032.609509,-3275.439415,7.510348,-0.900410,-0.488883
31 Dec 2017 09:10:00.000,-64.455271,-6088.432769,-3305.748970,7.584857,-0.028352,-0.015394
31 Dec 2017 09:12:00.000,843.664837,-6039.324978,-3279.085618,7.528663,0.845926,0.459300
31 Dec 2017 09:14:00.000,1737.210850,-5885.926711,-3195.797162,7.342221,1.707304,0.926990
31 Dec 2017 09:16:00.000,2600.694103,-5630.689100,-3057.214460,7.028262,2.540769,1.379525
31 Dec 2017 09:18:00.000,3419.089755,-5277.844958,-2865.635740,6.591779,3.331685,1.808957
31 Dec 2017 09:20:00.000,4178.105333,-4833.347462,-2624.293314,6.039973,4.066061,2.207691
31 Dec 2017 09:22:00.000,4864.439850,-4304.776614,-2337.302786,5.382147,4.730818,2.568624
31 Dec 2017 09:24:00.000,5466.028129,-3701.214429,-2009.595287,4.629567,5.314041,2.885289
31 Dec 2017 09:26:00.000,5972.265112,-3033.090562,-1646.833659,3.795268,5.805223,3.151978
31 Dec 2017 09:28:00.000,6374.205119,-2312.000850,-1255.313927,2.893829,6.195468,3.363864
31 Dec 2017 09:30:00.000,6664.731457,-1550.501991,-841.853819,1.941108,6.477685,3.517095
31 Dec 2017 09:32:00.000,6838.692360,-761.886257,-413.670451,0.953944,6.646727,3.608878
31 Dec 2017 09:34:00.000,6892.999947,40.059241,21.750388,-0.050159,6.699508,3.637536
31 Dec 2017 09:36:00.000,6826.689756,841.303790,456.790643,-1.053372,6.635063,3.602545
31 Dec 2017 09:38:00.000,6640.939374,1627.829491,883.839216,-2.037880,6.454568,3.504544
31 Dec 2017 09:40:00.000,6339.045696,2385.887411,1295.431047,-2.986233,6.161322,3.345325
31 Dec 2017 09:42:00.000,5926.361374,3102.247995,1684.383073,-3.881673,5.760669,3.127788
31 Dec 2017 09:44:00.000,5410.192049,3764.440491,2043.924230,-4.708459,5.259888,2.855886
31 Dec 2017 09:46:00.000,4799.656899,4360.976430,2367.816789,-5.452154,4.668043,2.534540
31 Dec 2017 09:48:00.000,4105.515880,4881.552740,2650.466638,-6.099889,3.995793,2.169538
31 Dec 2017 09:50:00.000,3339.967755,5317.230633,2887.020411,-6.640586,3.255179,1.767418
31 Dec 2017 09:52:00.000,2516.423567,5660.587134,3073.447764,-7.065146,2.459382,1.335335
31 Dec 2017 09:54:00.000,1649.260593,5905.836838,3206.607477,-7.366584,1.622470,0.880929
31 Dec 2017 09:56:00.000,753.562054,6048.922272,3284.296522,-7.540131,0.759129,0.412173
31 Dec 2017 09:58:00.000,-155.152081,6087.571972,3305.281595,-7.583283,-0.115605,-0.062768
31 Dec 2017 10:00:00.000,-1061.197971,6021.326140,3269.313047,-7.495811,-0.986618,-0.535690
31 Dec 2017 10:02:00.000,-1948.999406,5851.530367,3177.121473,-7.279729,-1.838977,-0.998483
31 Dec 2017 10:04:00.000,-2803.353239,5581.298516,3030.397563,-6.939225,-2.658185,-1.443277
31 Dec 2017 10:06:00.000,-3609.684415,5215.446357,2831.756067,-6.480560,-3.430412,-1.862562
31 Dec 2017 10:08:00.000,-4354.286716,4760.397928,2584.684952,-5.911930,-4.142717,-2.249312
31 Dec 2017 10:10:00.000,-5024.545825,4224.066947,2293.481016,-5.243308,-4.783245,-2.597090
31 Dec 2017 10:12:00.000,-5609.141756,3615.715813,1963.173331,-4.486261,-5.341401,-2.900144
31 Dec 2017 10:14:00.000,-6098.228193,2945.794904,1599.435988,-3.653748,-5.808003,-3.153488
31 Dec 2017 10:16:00.000,-6483.586694,2225.764980,1208.491674,-2.759904,-6.175413,-3.352975
31 Dec 2017 10:18:00.000,-6758.754131,1467.905577,797.007629,-1.819810,-6.437638,-3.495352
31 Dec 2017 10:20:00.000,-6919.122094,685.112254,371.985572,-0.849257,-6.590415,-3.578303
31 Dec 2017 10:22:00.000,-6962.007339,-109.314384,-59.352859,0.135501,-6.631264,-3.600482
31 Dec 2017 10:24:00.000,-6886.692635,-901.885018,-489.683563,1.117992,-6.559523,-3.561530
31 Dec 2017 10:26:00.000,-6694.437666,-1679.140428,-911.698779,2.081782,-6.376356,-3.462078
31 Dec 2017 10:28:00.000,-6388.459879,-2427.869901,-1318.225677,3.010717,-6.084736,-3.303742
31 Dec 2017 10:30:00.000,-5973.885461,-3135.326388,-1702.343173,3.889180,-5.689408,-3.089096
31 Dec 2017 10:32:00.000,-5457.670864,-3789.435504,-2057.495413,4.702323,-5.196826,-2.821646
31 Dec 2017 10:34:00.000,-4848.495586,-4378.995506,-2377.600348,5.436315,-4.615065,-2.505775
31 Dec 2017 10:36:00.000,-4156.627242,-4893.865345,-2657.151836,6.078556,-3.953707,-2.146687
31 Dec 2017 10:38:00.000,-3393.760276,-5325.137899,-2891.313706,6.617899,-3.223709,-1.750331
31 Dec 2017 10:40:00.000,-2572.830057,-5665.295541,-3076.004220,7.044840,-2.437245,-1.323316
31 Dec 2017 10:42:00.000,-1707.804513,-5908.345247,-3207.969431,7.351701,-1.607520,-0.872812
31 Dec 2017 10:44:00.000,-813.455902,-6049.930574,-3284.843985,7.532779,-0.748569,-0.406440
31 Dec 2017 10:46:00.000,94.884222,-6087.418024,-3305.198008,7.584474,0.124966,0.067851
31 Dec 2017 10:48:00.000,1001.583299,-6019.955556,-3268.568880,7.505381,0.998077,0.541912
31 Dec 2017 10:50:00.000,1890.975310,-5848.501373,-3175.476863,7.296354,1.855646,1.007533
31 Dec 2017 10:52:00.000,2747.633145,-5575.821507,-3027.423790,6.960522,2.682705,1.456590
31 Dec 2017 10:54:00.000,3556.640977,-5206.455283,-2826.874312,6.503271,3.464711,1.881184
31 Dec 2017 10:56:00.000,4303.861544,-4746.648325,-2577.219527,5.932175,4.187814,2.273797
31 Dec 2017 10:58:00.000,4976.193055,-4204.253452,-2282.723167,5.256896,4.839120,2.627428
31 Dec 2017 11:00:00.000,5561.810392,-3588.600546,-1948.450944,4.489022,5.406947,2.935732
31 Dec 2017 11:02:00.000,6050.385381,-2910.337237,-1580.184048,3.641876,5.881052,3.193150
31 Dec 2017 11:04:00.000,6433.281181,-2181.243014,-1184.318221,2.730283,6.252845,3.395017
31 Dec 2017 11:06:00.000,6703.716271,-1414.020109,-767.750210,1.770293,6.515563,3.537662
31 Dec 2017 11:08:00.000,6856.894132,-622.065168,-337.753801,0.778887,6.664417,3.618483
31 Dec 2017 11:10:00.000,6890.095453,180.773696,98.152096,-0.226352,6.696685,3.636003
31 Dec 2017 11:12:00.000,6802.730582,980.449436,532.340557,-1.227570,6.611779,3.589903
31 Dec 2017 11:14:00.000,6596.350923,1762.972834,957.216057,-2.206994,6.411249,3.481024
31 Dec 2017 11:16:00.000,6274.618975,2514.668040,1365.353216,-3.147269,6.098758,3.311355
31 Dec 2017 11:18:00.000,5843.237776,3222.421440,1749.631924,-4.031794,5.679998,3.083987
31 Dec 2017 11:20:00.000,5309.841503,3873.918623,2103.366000,-4.845036,5.162573,2.803048
31 Dec 2017 11:22:00.000,4683.849926,4457.864609,2420.422772,-5.572813,4.555841,2.473619
31 Dec 2017 11:24:00.000,3976.290220,4964.182978,2695.331192,-6.202556,3.870718,2.101628
31 Dec 2017 11:26:00.000,3199.590345,5384.190173,2923.376472,-6.723521,3.119463,1.693730
31 Dec 2017 11:28:00.000,2367.348730,5710.741973,3100.679617,-7.126970,2.315432,1.257177
31 Dec 2017 11:30:00.000,1494.085349,5938.349846,3224.260598,-7.406300,1.472820,0.799676
31 Dec 2017 11:32:00.000,594.979491,6063.265700,3292.084367,-7.557137,0.606393,0.329244
31 Dec 2017 11:34:00.000,-314.400462,6083.534283,3303.089309,-7.577374,-0.268779,-0.145935
31 Dec 2017 11:36:00.000,-1218.370016,5999.013191,3257.198105,-7.467179,-1.137596,-0.617664
31 Dec 2017 11:38:00.000,-2101.399347,5811.361099,3155.311342,-7.228953,-1.985183,-1.077866
31 Dec 2017 11:40:00.000,-2948.377203,5523.995396,2999.284511,-6.867256,-2.797142,-1.518724
31 Dec 2017 11:42:00.000,-3744.863702,5142.020895,2791.889297,-6.388696,-3.559785,-1.932806
31 Dec 2017 11:44:00.000,-4477.328217,4672.131645,2536.760275,-5.801794,-4.260348,-2.313180
31 Dec 2017 11:46:00.000,-5133.369021,4122.488241,2238.328283,-5.116814,-4.887183,-2.653523
31 Dec 2017 11:48:00.000,-5701.911847,3502.573166,1901.741891,-4.345584,-5.429932,-2.948212
31 Dec 2017 11:50:00.000,-6173.384959,2823.026932,1532.778425,-3.501284,-5.879675,-3.192403
31 Dec 2017 11:52:00.000,-6539.868775,2095.467824,1137.746097,-2.598232,-6.229056,-3.382101
31 Dec 2017 11:54:00.000,-6795.218485,1332.298127,723.378798,-1.651649,-6.472379,-3.514215
31 Dec 2017 11:56:00.000,-6935.158443,546.499730,296.725120,-0.677427,-6.605690,-3.586597
31 Dec 2017 11:58:00.000,-6957.347469,-248.577996,-134.966824,0.308126,-6.626825,-3.598072
31 Dec 2017 12:00:00.000,-6861.414473,-1039.435177,-564.367198,1.288525,-6.535443,-3.548456
31 Dec 2017 12:02:00.000,-6648.964096,-1812.640381,-984.183332,2.247368,-6.333024,-3.438551
31 Dec 2017 12:04:00.000,-6323.552309,-2555.048665,-1387.278105,3.168577,-6.022857,-3.270144
31 Dec 2017 12:06:00.000,-5890.632197,-3254.015863,-1766.786294,4.036650,-5.609991,-3.045976
31 Dec 2017 12:08:00.000,-5357.470385,-3897.606215,-2116.227312,4.836905,-5.101170,-2.769709
31 Dec 2017 12:10:00.000,-4733.034898,-4474.790466,-2429.612762,5.555706,-4.504742,-2.445875
31 Dec 2017 12:12:00.000,-4027.855496,-4975.631533,-2701.547249,6.180694,-3.830540,-2.079813
31 Dec 2017 12:14:00.000,-3253.857949,-5391.454847,-2927.320867,6.700997,-3.089747,-1.677596
31 Dec 2017 12:16:00.000,-2424.174030,-5715.000545,-3102.991832,7.107417,-2.294730,-1.245937
31 Dec 2017 12:18:00.000,-1552.929470,-5940.554710,-3225.457741,7.392613,-1.458855,-0.792094
31 Dec 2017 12:20:00.000,-655.012552,-6064.057041,-3292.514029,7.551240,-0.596280,-0.323754
31 Dec 2017 12:22:00.000,254.173508,-6083.182495,-3302.898304,7.580077,0.278271,0.151089
31 Dec 2017 12:24:00.000,1158.970778,-5997.394722,-3256.319348,7.478112,1.149752,0.624265
31 Dec 2017 12:26:00.000,2043.735332,-5807.969476,-3153.469841,7.246597,2.003052,1.087568
31 Dec 2017 12:28:00.000,2893.109975,-5517.986633,-2996.022018,6.889057,2.823258,1.532904
31 Dec 2017 12:30:00.000,3692.296100,-5132.289976,-2786.605840,6.411268,3.595929,1.952430
31 Dec 2017 12:32:00.000,4427.319540,-4657.414536,-2528.769537,5.821180,4.307363,2.338707
31 Dec 2017 12:34:00.000,5085.285107,-4101.481956,-2226.922803,5.128802,4.944861,2.684840
31 Dec 2017 12:36:00.000,5654.614503,-3474.065098,-1886.263275,4.346043,5.496976,2.984614
31 Dec 2017 12:38:00.000,6125.262406,-2786.023859,-1512.687397,3.486507,5.953741,3.232617
31 Dec 2017 12:40:00.000,6488.905850,-2049.314963,-1112.687140,2.565252,6.306874,3.424353
31 Dec 2017 12:42:00.000,6739.102470,-1276.779169,-693.234467,1.598515,6.549948,3.556331
31 Dec 2017 12:44:00.000,6871.413823,-481.910037,-261.655781,0.603405,6.678528,3.626145
31 Dec 2017 12:46:00.000,6883.490777,321.391071,174.501094,-0.402421,6.690266,3.632518
31 Dec 2017 12:48:00.000,6775.118846,1119.068654,607.604644,-1.401100,6.584946,3.575334
31 Dec 2017 12:50:00.000,6548.222326,1897.170021,1030.079177,-2.374906,6.364493,3.455638
31 Dec 2017 12:52:00.000,6206.827155,2642.100047,1434.543144,-3.306594,6.032932,3.275615
31 Dec 2017 12:54:00.000,5756.983396,3340.868328,1813.943330,-4.179728,5.596299,3.038542
31 Dec 2017 12:56:00.000,5206.649296,3981.323558,2161.682116,-4.978989,5.062517,2.748722
31 Dec 2017 12:58:00.000,4565.539744,4552.370358,2471.735202,-5.690463,4.441233,2.411392
31 Dec 2017 13:00:00.000,3844.942790,5044.164306,2738.757505,-6.301884,3.743614,2.032616
31 Dec 2017 13:02:00.000,3057.508519,5448.281575,2958.175260,-6.802849,2.982128,1.619163
31 Dec 2017 13:04:00.000,2217.015106,5757.860262,3126.262758,-7.184984,2.170298,1.178376
31 Dec 2017 13:06:00.000,1338.117173,5967.711309,3240.202569,-7.442073,1.322439,0.718026
31 Dec 2017 13:08:00.000,436.081781,6074.397613,3298.128501,-7.570134,0.453389,0.246170
31 Dec 2017 13:10:00.000,-473.482650,6076.280745,3299.150959,-7.567462,-0.421758,-0.228996
31 Dec 2017 13:12:00.000,-1374.899288,5973.535330,3243.364756,-7.434619,-1.287922,-0.699284
31 Dec 2017 13:14:00.000,-2252.692790,5768.131825,3131.839763,-7.174389,-2.130294,-1.156655
31 Dec 2017 13:16:00.000,-3091.851554,5463.788957,2966.595084,-6.791700,-2.934585,-1.593350
31 Dec 2017 13:18:00.000,-3878.078173,5065.897562,2750.557704,-6.293507,-3.687253,-2.002015
31 Dec 2017 13:20:00.000,-4598.024345,4581.417941,2487.506757,-5.688648,-4.375716,-2.375820
31 Dec 2017 13:22:00.000,-5239.507029,4018.753119,2182.004713,-4.987674,-4.988539,-2.708556
31 Dec 2017 13:24:00.000,-5791.703045,3387.600639,1839.316909,-4.202666,-5.515608,-2.994731
31 Dec 2017 13:26:00.000,-6245.319824,2698.785615,1465.320900,-3.347018,-5.948268,-3.229646
31 Dec 2017 13:28:00.000,-6592.740408,1964.077909,1066.407201,-2.435224,-6.279445,-3.409460
31 Dec 2017 13:30:00.000,-6828.141199,1195.996287,649.372945,-1.482641,-6.503745,-3.531245
31 Dec 2017 13:32:00.000,-6947.581315,407.602460,221.310062,-0.505249,-6.617523,-3.593021
31 Dec 2017 13:34:00.000,-6949.062735,-387.712095,-210.510468,0.480593,-6.618934,-3.593788
31 Dec 2017 13:36:00.000,-6832.560684,-1176.443664,-638.756730,1.458397,-6.507955,-3.533531
31 Dec 2017 13:38:00.000,-6600.024009,-1945.195291,-1056.154769,2.411799,-6.286386,-3.413229
31 Dec 2017 13:40:00.000,-6255.345545,-2680.894379,-1455.606745,3.324805,-5.957827,-3.234836
31 Dec 2017 13:42:00.000,-5804.302708,-3371.006014,-1830.306756,4.182040,-5.527630,-3.001258
31 Dec 2017 13:44:00.000,-5254.468862,-4003.739139,-2173.852782,4.968987,-5.002826,-2.716313
31 Dec 2017 13:46:00.000,-4615.096270,-4568.242685,-2480.353172,5.672218,-4.392032,-2.384679
31 Dec 2017 13:48:00.000,-3896.971759,-5054.788760,-2744.526112,6.279620,-3.705330,-2.011830
31 Dec 2017 13:50:00.000,-3112.246593,-5454.940025,-2961.790502,6.780600,-2.954121,-1.603957
31 Dec 2017 13:52:00.000,-2274.242445,-5761.698402,-3128.346697,7.166275,-2.150961,-1.167876
31 Dec 2017 13:54:00.000,-1397.235747,-5969.632391,-3241.245631,7.429640,-1.309370,-0.710930
31 Dec 2017 13:56:00.000,-496.223215,-6074.980340,-3298.444896,7.565717,-0.443623,-0.240868
31 Dec 2017 13:58:00.000,413.328262,-6075.727304,-3298.850465,7.571666,0.431482,0.234276
31 Dec 2017 14:00:00.000,1315.743626,-5971.653342,-3242.342920,7.446867,1.300870,0.706314
31 Dec 2017 14:02:00.000,2195.409413,-5764.351518,-3129.787224,7.192971,2.149443,1.167052
31 Dec 2017 14:04:00.000,3037.046686,-5457.214320,-2963.025347,6.813901,2.962352,1.608426
31 Dec 2017 14:06:00.000,3825.982220,-5055.387761,-2744.851348,6.315819,3.725268,2.022655
31 Dec 2017 14:08:00.000,4548.412756,-4565.693071,-2478.968849,5.707045,4.424643,2.402385
31 Dec 2017 14:10:00.000,5191.657015,-3996.516562,-2169.931249,4.997934,5.047982,2.740830
31 Dec 2017 14:12:00.000,5744.390150,-3357.669034,-1823.065375,4.200708,5.584080,3.031908
31 Dec 2017 14:14:00.000,6196.855509,-2660.216819,-1444.379755,3.329243,6.023250,3.270358
31 Dec 2017 14:16:00.000,6541.048860,-1916.287342,-1040.459042,2.398825,6.357525,3.451854
31 Dec 2017 14:18:00.000,6770.870776,-1138.852790,-618.346560,1.425866,6.580818,3.573092
31 Dec 2017 14:20:00.000,6882.243516,-341.496117,-185.417250,0.427595,6.689054,3.631860
31 Dec 2017 14:22:00.000,6873.189522,461.835853,250.756381,-0.578271,6.680254,3.627082
31 Dec 2017 14:24:00.000,6743.869594,1257.087053,682.542513,-1.573866,6.554580,3.558846
31 Dec 2017 14:26:00.000,6496.579785,2030.349139,1102.389531,-2.541526,6.314328,3.428400
31 Dec 2017 14:28:00.000,6135.707088,2768.115300,1502.963837,-3.464122,5.963881,3.238123
31 Dec 2017 14:30:00.000,5667.645034,3457.525536,1877.283020,-4.325393,5.509618,2.991478
31 Dec 2017 14:32:00.000,5100.671285,4086.598301,2218.841632,-5.110248,4.959776,2.692939
31 Dec 2017 14:34:00.000,4444.790215,4644.443801,2521.726998,-5.805042,4.324282,2.347894
31 Dec 2017 14:36:00.000,3711.544267,5121.454822,2780.722827,-6.397823,3.614549,1.962540
31 Dec 2017 14:38:00.000,2913.798471,5509.471599,2991.398729,-6.878530,2.843249,1.543758
31 Dec 2017 14:40:00.000,2065.503020,5801.917954,3150.184130,-7.239161,2.024059,1.098974
31 Dec 2017 14:42:00.000,1181.439083,5993.906726,3254.425519,-7.473885,1.171408,0.636023
31 Dec 2017 14:44:00.000,276.953169,6082.313234,3302.426332,-7.579119,0.300198,0.162994
31 Dec 2017 14:46:00.000,-632.314640,6065.816309,3293.469234,-7.553555,-0.574461,-0.311907
31 Dec 2017 14:48:00.000,-1530.703454,5944.907077,3227.820884,-7.398149,-1.437518,-0.780508
31 Dec 2017 14:50:00.000,-2402.800460,5721.866312,3106.719641,-7.116067,-2.274237,-1.234810
31 Dec 2017 14:52:00.000,-3233.701393,5400.711740,2932.346953,-6.712600,-3.070444,-1.667115
31 Dec 2017 14:54:00.000,-4009.258524,4987.117072,2707.783391,-6.195045,-3.812751,-2.070154
31 Dec 2017 14:56:00.000,-4716.312511,4488.304965,2436.950540,-5.572552,-4.488762,-2.437199
31 Dec 2017 14:58:00.000,-5342.904964,3912.916331,2124.540031,-4.855956,-5.087264,-2.762159
31 Dec 2017 15:00:00.000,-5878.469030,3270.858645,1775.931184,-4.057580,-5.598388,-3.039676
31 Dec 2017 15:02:00.000,-6313.995756,2573.136016,1397.098741,-3.191029,-6.013746,-3.265197
31 Dec 2017 15:04:00.000,-6642.174416,1831.663873,994.512252,-2.270965,-6.326554,-3.435038
31 Dec 2017 15:06:00.000,-6857.505366,1059.071142,575.028664,-1.312871,-6.531719,-3.546434
31 Dec 2017 15:08:00.000,-6956.384335,268.492819,145.779697,-0.332812,-6.625908,-3.597574
31 Dec 2017 15:10:00.000,-6937.157389,-526.644188,-285.944432,0.652813,-6.607594,-3.587630
31 Dec 2017 15:12:00.000,-6800.146079,-1312.839041,-712.813370,1.627520,-6.477074,-3.516764
31 Dec 2017 15:14:00.000,-6547.642555,-2076.735941,-1127.575507,2.574991,-6.236465,-3.386124
31 Dec 2017 15:16:00.000,-6183.874688,-2805.341177,-1523.175837,3.479323,-5.889678,-3.197834
31 Dec 2017 15:18:00.000,-5714.941509,-3486.235414,-1892.871210,4.325273,-5.442365,-2.954963
31 Dec 2017 15:20:00.000,-5148.719531,-4107.778316,-2230.341440,5.098500,-4.901843,-2.661483
31 Dec 2017 15:22:00.000,-4494.740829,-4659.302621,-2529.794678,5.785790,-4.276993,-2.322218
31 Dec 2017 15:24:00.000,-3764.044076,-5131.294766,-2786.065480,6.375280,-3.578140,-1.942771
31 Dec 2017 15:26:00.000,-2969.000082,-5515.559201,-2994.704026,6.856665,-2.816900,-1.529452
31 Dec 2017 15:28:00.000,-2123.113800,-5805.363549,-3152.054934,7.221379,-2.006012,-1.089175
31 Dec 2017 15:30:00.000,-1240.805175,-5995.561890,-3255.324199,7.462761,-1.159144,-0.629364
31 Dec 2017 15:32:00.000,-337.171676,-6082.693587,-3302.632847,7.576201,-0.290679,-0.157826
31 Dec 2017 15:34:00.000,572.264171,-6065.055276,-3293.056027,7.559242,0.584518,0.317367
31 Dec 2017 15:36:00.000,1471.818462,-5942.743980,-3226.646418,7.411660,1.451348,0.788018
31 Dec 2017 15:38:00.000,2345.916571,-5717.669658,-3104.441044,7.135504,2.294739,1.245942
31 Dec 2017 15:40:00.000,3179.366143,-5393.536003,-2928.450845,6.735092,3.099913,1.683115
31 Dec 2017 15:42:00.000,3957.627447,-4975.788859,-2701.632674,6.216972,3.852657,2.091822
31 Dec 2017 15:44:00.000,4667.075868,-4471.532273,-2427.843712,5.589830,4.539590,2.464796
31 Dec 2017 15:46:00.000,5295.251231,-3889.412915,-2111.778719,4.864362,5.148425,2.795367
31 Dec 2017 15:48:00.000,5831.088647,-3239.474340,-1758.890898,4.053094,5.668208,3.077586
31 Dec 2017 15:50:00.000,6265.125786,-2532.983342,-1375.297620,3.170170,6.089540,3.306350
31 Dec 2017 15:52:00.000,6589.681829,-1782.231409,-967.672617,2.231092,6.404770,3.477506
31 Dec 2017 15:54:00.000,6799.003881,-1000.314975,-543.126671,1.252440,6.608157,3.587936
31 Dec 2017 15:56:00.000,6889.377310,-200.898807,-109.079147,0.251551,6.695987,3.635624
31 Dec 2017 15:58:00.000,6859.197302,602.032624,326.877010,-0.753805,6.666655,3.619698
31 Dec 2017 16:00:00.000,6708.999853,1394.430577,757.113955,-1.745775,6.520697,3.540449
31 Dec 2017 16:02:00.000,6441.451407,2162.438845,1174.108383,-2.706762,6.260780,3.399326
31 Dec 2017 16:04:00.000,6061.297424,2892.646458,1570.578732,-3.619768,5.891645,3.198902
31 Dec 2017 16:06:00.000,5575.271144,3572.330934,1939.617259,-4.468714,5.420005,2.942822
31 Dec 2017 16:08:00.000,4991.964807,4189.687032,2274.814240,-5.238743,4.854407,2.635728
31 Dec 2017 16:10:00.000,4321.666484,4734.036401,2570.371806,-5.916490,4.205054,2.283158
31 Dec 2017 16:12:00.000,3576.166393,5196.014094,2821.205204,-6.490321,3.483596,1.891438
31 Dec 2017 16:14:00.000,2768.537219,5567.728584,3023.029687,-6.950526,2.702899,1.467555
31 Dec 2017 16:16:00.000,1912.893373,5842.892653,3172.431574,-7.289474,1.876794,1.019016
31 Dec 2017 16:18:00.000,1024.134414,6016.923290,3266.922491,-7.501724,1.019808,0.553710
31 Dec 2017 16:20:00.000,117.677961,6087.009491,3304.976191,-7.584091,0.146901,0.079761
31 Dec 2017 16:22:00.000,-790.812615,6052.147618,3286.047741,-7.535664,-0.726808,-0.394624
31 Dec 2017 16:24:00.000,-1685.700620,5913.144595,3210.575265,-7.357791,-1.586305,-0.861293
31 Dec 2017 16:26:00.000,-2551.643760,5672.589899,3079.964734,-7.054019,-2.416936,-1.312289
31 Dec 2017 16:28:00.000,-3373.852715,5334.797765,2896.558587,-6.630000,-3.204649,-1.739982
31 Dec 2017 16:30:00.000,-4138.336550,4905.721494,2663.589202,-6.093363,-3.936213,-2.137189
31 Dec 2017 16:32:00.000,-4832.131403,4392.842087,2385.118431,-5.453570,-4.599430,-2.497286
31 Dec 2017 16:34:00.000,-5443.509382,3805.033686,2065.964540,-4.721728,-5.183308,-2.814306
31 Dec 2017 16:36:00.000,-5962.165063,3152.408485,1711.618000,-3.910402,-5.678228,-3.083026
31 Dec 2017 16:38:00.000,-6379.377411,2446.143901,1328.147655,-3.033398,-6.076077,-3.299041
31 Dec 2017 16:40:00.000,-6688.145397,1698.294861,922.098794,-2.105539,-6.370360,-3.458823
31 Dec 2017 16:42:00.000,-6883.295913,921.594088,500.384721,-1.142427,-6.556287,-3.559773
31 Dec 2017 16:44:00.000,-6961.562985,129.243289,70.173379,-0.160204,-6.630841,-3.600252
31 Dec 2017 16:46:00.000,-6921.637540,-665.301880,-361.229409,0.824699,-6.592811,-3.579604
31 Dec 2017 16:48:00.000,-6764.187304,-1448.550179,-786.498498,1.795807,-6.442814,-3.498162
31 Dec 2017 16:50:00.000,-6491.846656,-2207.193620,-1198.408241,2.736859,-6.183286,-3.357250
31 Dec 2017 16:52:00.000,-6109.176529,-2928.323893,-1589.949997,3.632049,-5.818444,-3.159157
31 Dec 2017 16:54:00.000,-5622.594694,-3599.643522,-1954.446782,4.466275,-5.354240,-2.907115
31 Dec 2017 16:56:00.000,-5040.277072,-4209.668845,-2285.663478,5.225376,-4.798271,-2.605249
31 Dec 2017 16:58:00.000,-4372.030984,-4747.921949,-2577.911042,5.896360,-4.159683,-2.258523
31 Dec 2017 17:00:00.000,-3629.141596,-5205.108643,-2826.143141,6.467623,-3.449035,-1.872673
31 Dec 2017 17:02:00.000,-2824.193189,-5573.279622,-3026.043654,6.929150,-2.678155,-1.454119
31 Dec 2017 17:04:00.000,-1970.867276,-5845.971992,-3174.103518,7.272698,-1.859958,-1.009875
31 Dec 2017 17:06:00.000,-1083.720026,-6018.328454,-3267.685433,7.491956,-1.008255,-0.547438
31 Dec 2017 17:08:00.000,-177.941917,-6087.191591,-3305.075063,7.582684,-0.137528,-0.074672
31 Dec 2017 17:10:00.000,730.896981,-6051.170946,-3285.517451,7.542810,0.737297,0.400320
31 Dec 2017 17:12:00.000,1627.112222,-5910.680895,-3209.237585,7.372507,1.601108,0.869331
31 Dec 2017 17:14:00.000,2495.176397,-5667.947705,-3077.444229,7.074223,2.438863,1.324195
31 Dec 2017 17:16:00.000,3319.992034,-5326.984695,-2892.316437,6.652671,3.235865,1.756931
31 Dec 2017 17:18:00.000,4087.160949,-4893.534963,-2656.972456,6.114779,3.978026,2.159892
31 Dec 2017 17:20:00.000,4783.244827,-4374.981829,-2375.421103,5.469598,4.652140,2.525906
31 Dec 2017 17:22:00.000,5396.011685,-3780.227847,-2052.496069,4.728157,5.246136,2.848419
31 Dec 2017 17:24:00.000,5914.662955,-3119.543998,-1693.774042,3.903281,5.749315,3.121623
31 Dec 2017 17:26:00.000,6330.036125,-2404.391448,-1305.477924,3.009373,6.152573,3.340574
31 Dec 2017 17:28:00.000,6634.778284,-1647.219000,-894.366867,2.062145,6.448583,3.501294
31 Dec 2017 17:30:00.000,6823.486455,-861.240070,-467.615167,1.078331,6.631950,3.600854
31 Dec 2017 17:32:00.000,6892.811314,-60.193609,-32.682465,0.075370,6.699325,3.637436
31 Dec 2017 17:34:00.000,6841.521745,741.906110,402.822109,-0.928929,6.649477,3.610371
31 Dec 2017 17:36:00.000,6670.528618,1531.025551,831.278967,-1.916733,6.483317,3.520154
31 Dec 2017 17:38:00.000,6382.867191,2293.368404,1245.197326,-2.870526,6.203881,3.368432
31 Dec 2017 17:40:00.000,5983.638589,3015.627009,1637.351717,-3.773447,5.816262,3.157972
31 Dec 2017 17:42:00.000,5479.911805,3685.223422,2000.912872,-4.609612,5.327507,2.892600
31 Dec 2017 17:44:00.000,4880.588649,4290.535142,2329.570290,-5.364405,4.746467,2.577121
31 Dec 2017 17:46:00.000,4196.234940,4821.100985,2617.644013,-6.024749,4.083612,2.217220
31 Dec 2017 17:48:00.000,3438.881929,5267.803181,2860.183494,-6.579333,3.350825,1.819349
31 Dec 2017 17:50:00.000,2621.802565,5623.022459,3053.051809,-7.018800,2.561157,1.390595
31 Dec 2017 17:52:00.000,1759.267598,5880.763624,3192.993831,-7.335898,1.728581,0.938543
31 Dec 2017 17:54:00.000,866.286780,6036.749892,3277.687457,-7.525577,0.867719,0.471133
31 Dec 2017 17:56:00.000,-41.659518,6088.485022,3305.777339,-7.585048,-0.006420,-0.003486
31 Dec 2017 17:58:00.000,-948.892995,6035.282998,3276.891000,-7.513800,-0.878718,-0.477105
31 Dec 2017 18:00:00.000,-1839.809369,5878.265686,3191.637564,-7.313571,-1.734206,-0.941597
31 Dec 2017 18:02:00.000,-2699.144801,5620.329486,3051.589647,-6.988282,-2.558318,-1.389053
31 Dec 2017 18:04:00.000,-3512.232446,5266.082511,2859.249252,-6.543943,-3.337130,-1.811914
31 Dec 2017 18:06:00.000,-4265.245178,4821.754233,2617.998703,-5.988516,-4.057579,-2.203085
31 Dec 2017 18:08:00.000,-4945.421021,4295.079867,2332.037882,-5.331762,-4.707663,-2.556052
31 Dec 2017 18:10:00.000,-5541.268305,3695.162026,2006.309102,-4.585061,-5.276622,-2.864972
31 Dec 2017 18:12:00.000,-6042.747999,3032.312319,1646.411109,-3.761209,-5.755090,-3.124759
31 Dec 2017 18:14:00.000,-6441.431150,2317.875710,1258.503716,-2.874207,-6.135230,-3.331158
31 Dec 2017 18:16:00.000,-6730.629730,1564.040497,849.204629,-1.939031,-6.410841,-3.480802
31 Dec 2017 18:18:00.000,-6905.499601,783.636794,425.480030,-0.971396,-6.577438,-3.571257
31 Dec 2017 18:20:00.000,-6963.114609,-10.073577,-5.469500,0.012487,-6.632318,-3.601055
31 Dec 2017 18:22:00.000,-6902.511153,-803.612914,-436.326166,0.996161,-6.574592,-3.569712
31 Dec 2017 18:24:00.000,-6724.702822,-1583.506286,-859.773679,1.963172,-6.405194,-3.477736
31 Dec 2017 18:26:00.000,-6432.664998,-2336.500157,-1268.615955,2.897320,-6.126874,-3.326621
31 Dec 2017 18:28:00.000,-6031.289534,-3049.778096,-1655.894242,3.782905,-5.744161,-3.118825
31 Dec 2017 18:30:00.000,-5527.309916,-3711.170712,-2015.001100,4.604972,-5.263299,-2.857738
31 Dec 2017 18:32:00.000,-4929.197587,-4309.356909,-2339.789675,5.349548,-4.692165,-2.547637
31 Dec 2017 18:34:00.000,-4247.030400,-4834.053583,-2624.676698,6.003871,-4.040161,-2.193628
31 Dec 2017 18:36:00.000,-3492.334534,-5276.190860,-2864.737632,6.556599,-3.318082,-1.801571
31 Dec 2017 18:38:00.000,-2677.901549,-5628.070027,-3055.792414,6.998015,-2.537958,-1.377999
31 Dec 2017 18:40:00.000,-1817.582690,-5883.501329,-3194.480283,7.320203,-1.712877,-0.930016
31 Dec 2017 18:42:00.000,-926.062973,-6037.918982,-3278.322221,7.517207,-0.856781,-0.465194
31 Dec 2017 18:44:00.000,-18.618071,-6088.470852,-3305.769645,7.585158,0.015749,0.008551
31 Dec 2017 18:46:00.000,889.142539,-6034.080555,-3276.238126,7.522375,0.889739,0.483089
31 Dec 2017 18:48:00.000,1781.542200,-5875.480036,-3190.125079,7.329426,1.750068,0.950209
31 Dec 2017 18:50:00.000,2643.109097,-5615.211113,-3048.810598,7.009159,2.581737,1.401769
31 Dec 2017 18:52:00.000,3458.848904,-5257.594973,-2854.640895,6.566679,3.370134,1.829833
31 Dec 2017 18:54:00.000,4214.512989,-4808.669221,-2610.894122,6.009294,4.101307,2.226828
31 Dec 2017 18:56:00.000,4896.856899,-4276.092740,-2321.728714,5.346411,4.762232,2.585681
31 Dec 2017 18:58:00.000,5493.883818,-3669.019341,-1992.114783,4.589390,5.341059,2.899958
31 Dec 2017 19:00:00.000,5995.067716,-2997.941959,-1627.749528,3.751349,5.827356,3.163996
31 Dec 2017 19:02:00.000,6391.551231,-2274.509915,-1234.958013,2.846939,6.212315,3.373011
31 Dec 2017 19:04:00.000,6676.313669,-1511.322483,-820.581086,1.892074,6.488938,3.523206
31 Dec 2017 19:06:00.000,6844.305156,-721.702723,-391.852576,0.903634,6.652182,3.611840
31 Dec 2017 19:08:00.000,6892.543658,80.543915,43.731768,-0.100852,6.699065,3.637295
31 Dec 2017 19:10:00.000,6820.172485,881.381213,478.550903,-1.103546,6.628729,3.599106
31 Dec 2017 19:12:00.000,6628.476843,1666.798717,904.997774,-2.086647,6.442460,3.497970
31 Dec 2017 19:14:00.000,6320.859008,2423.067732,1315.618309,-3.032728,6.143661,3.335735
31 Dec 2017 19:16:00.000,5902.772759,3136.991305,1703.247146,-3.925078,5.737775,3.115358
31 Dec 2017 19:18:00.000,5381.618694,3796.142961,2061.137262,-4.748013,5.232178,2.840840
31 Dec 2017 19:20:00.000,4766.603012,4389.089258,2383.080804,-5.487168,4.636016,2.517151
31 Dec 2017 19:22:00.000,4068.563183,4905.591768,2663.518760,-6.129762,3.960025,2.150118
31 Dec 2017 19:24:00.000,3299.764620,5336.784656,2897.637375,-6.664811,3.216308,1.746313
31 Dec 2017 19:26:00.000,2473.673047,5675.324760,3081.449638,-7.083319,2.418098,1.312920
31 Dec 2017 19:28:00.000,1604.707614,5915.511799,3211.860549,-7.378412,1.579500,0.857598
31 Dec 2017 19:30:00.000,707.980025,6053.377126,3286.715307,-7.545434,0.715224,0.388335
31 Dec 2017 19:32:00.000,-200.974966,6086.740167,3304.829959,-7.581994,-0.159684,-0.086701
31 Dec 2017 19:34:00.000,-1106.472476,6015.232457,3266.004445,-7.487978,-1.030112,-0.559305
31 Dec 2017 19:36:00.000,-1992.948808,5840.289774,3171.018328,-7.265512,-1.881144,-1.021378
31 Dec 2017 19:38:00.000,-2845.226450,5565.113514,3021.609823,-6.918892,-2.698310,-1.465062
31 Dec 2017 19:40:00.000,-3648.768481,5194.602894,2820.438990,-6.454477,-3.467820,-1.882873
31 Dec 2017 19:42:00.000,-4389.918497,4735.260005,2571.036174,-5.880559,-4.176784,-2.267809
31 Dec 2017 19:44:00.000,-5056.122705,4195.070032,2277.736977,-5.207195,-4.813406,-2.613466
31 Dec 2017 19:46:00.000,-5636.131248,3583.359196,1945.605123,-4.446027,-5.367158,-2.914129
31 Dec 2017 19:48:00.000,-6120.176319,2910.633131,1580.344706,-3.610078,-5.828934,-3.164853
31 Dec 2017 19:50:00.000,-6500.125055,2188.398519,1188.203344,-2.713537,-6.191176,-3.361534
31 Dec 2017 19:52:00.000,-6769.605592,1428.970845,775.867799,-1.771527,-6.447977,-3.500965
31 Dec 2017 19:54:00.000,-6924.105032,645.271169,350.353632,-0.799868,-6.595161,-3.580880
31 Dec 2017 19:56:00.000,-6961.038410,-149.385195,-81.109530,0.185170,-6.630341,-3.599981
31 Dec 2017 19:58:00.000,-6879.788043,-941.505206,-511.195565,1.167112,-6.552946,-3.557959
31 Dec 2017 20:00:00.000,-6681.712914,-1717.636948,-932.600679,2.129529,-6.364231,-3.455495
31 Dec 2017 20:02:00.000,-6370.128015,-2464.587956,-1338.161948,3.056291,-6.067260,-3.294253
31 Dec 2017 20:04:00.000,-5950.253825,-3169.640120,-1720.974004,3.931811,-5.666866,-3.076857
31 Dec 2017 20:06:00.000,-5429.136366,-3820.758307,-2074.502303,4.741290,-5.169587,-2.806857
31 Dec 2017 20:08:00.000,-4815.538566,-4406.789807,-2392.691417,5.470951,-4.583576,-2.488679
31 Dec 2017 20:10:00.000,-4119.803965,-4917.651704,-2670.066770,6.108264,-3.918489,-2.127565
31 Dec 2017 20:12:00.000,-3353.694141,-5344.503288,-2901.828250,6.642159,-3.185347,-1.729502
31 Dec 2017 20:14:00.000,-2530.201623,-5679.900665,-3083.934151,7.063221,-2.396381,-1.301129
31 Dec 2017 20:16:00.000,-1663.340456,-5917.930754,-3213.173933,7.363867,-1.564843,-0.849640
31 Dec 2017 20:18:00.000,-767.917048,-6054.322038,-3287.228352,7.538497,-0.704803,-0.382677
31 Dec 2017 20:20:00.000,140.715617,-6086.529573,-3304.715616,7.583620,0.169072,0.091798
31 Dec 2017 20:22:00.000,1046.916838,-6013.792050,-3265.222368,7.497945,1.041762,0.565631
31 Dec 2017 20:24:00.000,1935.026094,-5837.159036,-3169.318476,7.282438,1.898149,1.030611
31 Dec 2017 20:26:00.000,2789.635532,-5559.486962,-3018.554855,6.940344,2.723282,1.478622
31 Dec 2017 20:28:00.000,3595.862205,-5185.402955,-2815.443831,6.477160,3.502646,1.901782
31 Dec 2017 20:30:00.000,4339.614966,-4721.236211,-2563.421876,5.900570,4.222433,2.292594
31 Dec 2017 20:32:00.000,5007.850701,-4174.917297,-2266.794936,5.220335,4.869804,2.644088
31 Dec 2017 20:34:00.000,5588.814608,-3555.846500,-1930.666950,4.448137,5.433143,2.949955
31 Dec 2017 20:36:00.000,6072.259276,-2874.733103,-1560.852584,3.597381,5.902286,3.204679
31 Dec 2017 20:38:00.000,6449.637646,-2143.408244,-1163.775620,2.682957,6.268731,3.403643
31 Dec 2017 20:40:00.000,6714.265364,-1374.614725,-746.354836,1.720973,6.525814,3.543227
31 Dec 2017 20:42:00.000,6861.448636,-581.777840,-315.879571,0.728445,6.668843,3.620886
31 Dec 2017 20:44:00.000,6888.574486,221.238185,120.122516,-0.277018,6.695207,3.635200
31 Dec 2017 20:46:00.000,6795.161158,1020.383062,554.022742,-1.277562,6.604423,3.585909
31 Dec 2017 20:48:00.000,6582.867431,1801.677280,978.230852,-2.255424,6.398150,3.473912
31 Dec 2017 20:50:00.000,6255.460583,2551.467430,1385.333650,-3.193281,6.080155,3.301254
31 Dec 2017 20:52:00.000,5818.743836,3256.674598,1768.229866,-4.074578,5.656229,3.071081
31 Dec 2017 20:54:00.000,5280.445056,3905.030606,2120.258424,-4.883842,5.134069,2.787572
31 Dec 2017 20:56:00.000,4650.069478,4485.297274,2435.317489,-5.606968,4.523115,2.455851
31 Dec 2017 20:58:00.000,3938.719978,4987.464376,2707.971955,-6.231474,3.834359,2.081887
31 Dec 2017 21:00:00.000,3158.889145,5402.922620,2933.547356,-6.746712,3.080119,1.672368
31 Dec 2017 21:02:00.000,2324.227902,5724.608639,3108.208598,-7.144050,2.273799,1.234572
31 Dec 2017 21:04:00.000,1449.295783,5947.119791,3229.022286,-7.416996,1.429631,0.776226
31 Dec 2017 21:06:00.000,549.298178,6066.797291,3294.001861,-7.561287,0.562402,0.305360
31 Dec 2017 21:08:00.000,-360.184154,6081.776971,3302.135164,-7.574933,-0.312810,-0.169842
31 Dec 2017 21:10:00.000,-1263.468075,5992.007671,3253.394416,-7.458214,-1.180910,-0.641182
31 Dec 2017 21:12:00.000,-2145.038604,5799.237896,3148.728979,-7.213644,-2.027042,-1.100594
31 Dec 2017 21:14:00.000,-2989.812364,5506.971953,2990.041534,-6.845887,-2.836838,-1.540277
31 Dec 2017 21:16:00.000,-3783.389715,5120.397247,2780.148615,-6.361652,-3.596652,-1.952822
31 Dec 2017 21:18:00.000,-4512.291794,4646.284814,2522.726591,-5.769551,-4.293770,-2.331327
31 Dec 2017 21:20:00.000,-5164.179163,4092.865446,2222.244420,-5.079933,-4.916606,-2.669499
31 Dec 2017 21:22:00.000,-5728.049242,3469.684013,1883.884541,-4.304698,-5.454873,-2.961754
31 Dec 2017 21:24:00.000,-6194.410137,2787.434700,1513.453423,-3.457088,-5.899724,-3.203289
31 Dec 2017 21:26:00.000,-6555.428944,2057.780009,1117.283287,-2.551473,-6.243886,-3.390153
31 Dec 2017 21:28:00.000,-6805.052966,1293.156377,702.126566,-1.603114,-6.481749,-3.519302
31 Dec 2017 21:30:00.000,-6939.102659,506.569325,275.044683,-0.627928,-6.609447,-3.588637
31 Dec 2017 21:32:00.000,-6955.335453,-288.618982,-156.707301,0.357759,-6.624909,-3.597032
31 Dec 2017 21:34:00.000,-6853.479874,-1078.906878,-585.798578,1.337464,-6.527884,-3.544351
31 Dec 2017 21:36:00.000,-6635.239663,-1850.872162,-1004.941490,2.294792,-6.319946,-3.431450
31 Dec 2017 21:38:00.000,-6304.267874,-2591.390031,-1407.009851,3.213689,-6.004471,-3.260162
31 Dec 2017 21:40:00.000,-5866.111159,-3287.847097,-1785.155150,4.078691,-5.586598,-3.033275
31 Dec 2017 21:42:00.000,-5328.124745,-3928.348605,-2132.919062,4.875160,-5.073153,-2.754497
31 Dec 2017 21:44:00.000,-4699.358865,-4501.915980,-2444.340709,5.589520,-4.472561,-2.428402
31 Dec 2017 21:46:00.000,-3990.417759,-4998.671783,-2714.057080,6.209484,-3.794728,-2.060369
31 Dec 2017 21:48:00.000,-3213.292665,-5410.009217,-2937.395064,6.724256,-3.050899,-1.656503
31 Dec 2017 21:50:00.000,-2381.170656,-5728.743318,-3110.453545,7.124731,-2.253497,-1.223549
31 Dec 2017 21:52:00.000,-1508.221548,-5949.241077,-3230.174050,7.403663,-1.415934,-0.768789
31 Dec 2017 21:54:00.000,-609.365597,-6067.527857,-3294.398526,7.555813,-0.552400,-0.299929
31 Dec 2017 21:56:00.000,299.974843,-6081.367658,-3301.912925,7.578068,0.322358,0.175026
31 Dec 2017 21:58:00.000,1204.136067,-5990.315085,-3252.475416,7.469531,1.193285,0.647901
31 Dec 2017 22:00:00.000,2087.482054,-5795.737203,-3146.828257,7.231565,2.045271,1.110492
31 Dec 2017 22:02:00.000,2934.677267,-5500.803951,-2986.692583,6.867813,2.863424,1.554712
31 Dec 2017 22:04:00.000,3730.958334,-5110.446292,-2774.745687,6.384161,3.633331,1.972738
31 Dec 2017 22:06:00.000,4462.399455,-4631.281922,-2514.580686,5.788666,4.341336,2.357153
31 Dec 2017 22:08:00.000,5116.166234,-4071.509054,-2210.648846,5.091437,4.974797,2.701094
31 Dec 2017 22:10:00.000,5680.752609,-3440.769520,-1868.185253,4.304473,5.522335,2.998383
31 Dec 2017 22:12:00.000,6146.195709,-2749.983206,-1493.118922,3.441457,5.974064,3.243652
31 Dec 2017 22:14:00.000,6504.263769,-2011.156615,-1091.968851,2.517515,6.321792,3.432453
31 Dec 2017 22:16:00.000,6748.612697,-1237.169046,-671.727928,1.548934,6.559189,3.561349
31 Dec 2017 22:18:00.000,6874.907553,-441.540546,-239.736940,0.552859,6.681924,3.627988
31 Dec 2017 22:20:00.000,6880.905963,361.813643,196.448756,-0.453034,6.687754,3.631154
31 Dec 2017 22:22:00.000,6766.501394,1158.837052,629.197118,-1.450882,6.576572,3.570787
31 Dec 2017 22:24:00.000,6533.725213,1935.588944,1050.938946,-2.422974,6.350411,3.447991
31 Dec 2017 22:26:00.000,6186.707475,2678.498827,1454.306064,-3.352098,6.013397,3.265008
31 Dec 2017 22:28:00.000,5731.597423,3374.613076,1832.265228,-4.221867,5.571667,3.025168
31 Dec 2017 22:30:00.000,5176.445672,4011.828541,2178.244965,-5.017027,5.033235,2.732823
31 Dec 2017 22:32:00.000,4531.050972,4579.108376,2486.252757,-5.723741,4.407827,2.393255
31 Dec 2017 22:34:00.000,3806.775224,5066.675871,2750.980283,-6.329832,3.706684,2.012565
31 Dec 2017 22:36:00.000,3016.331087,5466.182722,2967.894785,-6.824995,2.942332,1.597556
31 Dec 2017 22:38:00.000,2173.547015,5770.848881,3133.314998,-7.200964,2.128340,1.155594
31 Dec 2017 22:40:00.000,1293.114867,5975.571893,3244.470515,-7.451631,1.279055,0.694470
31 Dec 2017 22:42:00.000,390.325410,6077.004392,3299.543864,-7.573130,0.409336,0.222251
31 Dec 2017 22:44:00.000,-519.202968,6073.599176,3297.694984,-7.563870,-0.465718,-0.252864
31 Dec 2017 22:46:00.000,-1419.797174,5965.621981,3239.068156,-7.424527,-1.331034,-0.722693
31 Dec 2017 22:48:00.000,-2295.999030,5755.132687,3124.781806,-7.157995,-2.171825,-1.179205
31 Dec 2017 22:50:00.000,-3132.827030,5445.936281,2956.901871,-6.769307,-2.973833,-1.614659
31 Dec 2017 22:52:00.000,-3916.026087,5043.505302,2738.399699,-6.265516,-3.723560,-2.021728
31 Dec 2017 22:54:00.000,-4632.301584,4554.875927,2473.095620,-5.655550,-4.408476,-2.393607
31 Dec 2017 22:56:00.000,-5269.534499,3988.520085,2165.589516,-4.950044,-5.017211,-2.724123
31 Dec 2017 22:58:00.000,-5816.974858,3354.196236,1821.179800,-4.161148,-5.539720,-3.007822
31 Dec 2017 23:00:00.000,-6265.411230,2662.781567,1445.772300,-3.302318,-5.967424,-3.240047
31 Dec 2017 23:02:00.000,-6607.314387,1926.088432,1045.780601,-2.388096,-6.293334,-3.417001
31 Dec 2017 23:04:00.000,-6836.953649,1156.667935,628.019396,-1.433877,-6.512140,-3.535803
31 Dec 2017 23:06:00.000,-6950.484784,367.603542,199.592426,-0.455667,-6.620289,-3.594523
31 Dec 2017 23:08:00.000,-6946.008666,-427.702395,-232.223425,0.530164,-6.616025,-3.592208
31 Dec 2017 23:10:00.000,-6823.600152,-1215.746299,-660.096315,1.507129,-6.499418,-3.528896
31 Dec 2017 23:12:00.000,-6585.306948,-1983.142371,-1076.758347,2.458875,-6.272361,-3.405614
31 Dec 2017 23:14:00.000,-6235.118461,-2716.840039,-1475.123641,3.369434,-5.938541,-3.224364
31 Dec 2017 23:16:00.000,-5778.904912,-3404.336990,-1848.403995,4.223468,-5.503397,-2.988101
31 Dec 2017 23:18:00.000,-5224.327245,-4033.884911,-2190.220595,5.006510,-4.974044,-2.700685
31 Dec 2017 23:20:00.000,-4580.718677,-4594.685037,-2494.710192,5.705193,-4.359175,-2.366839
31 Dec 2017 23:22:00.000,-3858.939022,-5077.070609,-2756.624164,6.307476,-3.668941,-1.992072
31 Dec 2017 23:24:00.000,-3071.203317,-5472.673378,-2971.418924,6.802846,-2.914807,-1.582611
31 Dec 2017 23:26:00.000,-2230.886641,-5774.571309,-3135.336111,7.182512,-2.109381,-1.145300
31 Dec 2017 23:28:00.000,-1352.307453,-5977.414733,-3245.471095,7.439569,-1.266228,-0.687505
31 Dec 2017 23:30:00.000,-450.492239,-6077.528356,-3299.828353,7.569143,-0.399652,-0.216993
31 Dec 2017 23:32:00.000,459.075279,-6072.986719,-3297.362446,7.568503,0.475527,0.258190
31 Dec 2017 23:34:00.000,1360.716648,-5963.661013,-3238.003438,7.437144,1.344227,0.729855
31 Dec 2017 23:36:00.000,2238.828720,-5751.235513,-3122.665813,7.176832,2.191356,1.189809
31 Dec 2017 23:38:00.000,3078.156612,-5439.192381,-2953.240233,6.791602,3.002085,1.629999
31 Dec 2017 23:40:00.000,3864.064673,-5032.764138,-2732.567723,6.287729,3.762116,2.042662
31 Dec 2017 23:42:00.000,4582.800244,-4538.853724,-2464.396274,5.673639,4.457952,2.420470
31 Dec 2017 23:44:00.000,5221.744919,-3965.922797,-2153.320191,4.959784,5.077153,2.756669
31 Dec 2017 23:46:00.000,5769.647972,-3323.849651,-1804.702950,4.158474,5.608588,3.045214
31 Dec 2017 23:48:00.000,6216.836847,-2623.758901,-1424.584723,3.283664,6.042651,3.280892
31 Dec 2017 23:50:00.000,6555.399874,-1877.825854,-1019.576162,2.350703,6.371466,3.459423
31 Dec 2017 23:52:00.000,6779.336956,-1099.059178,-596.740396,1.376052,6.589045,3.577559
31 Dec 2017 23:54:00.000,6884.674568,-301.066140,-163.465568,0.376972,6.691417,3.633142
31 Dec 2017 23:56:00.000,6869.542269,502.194802,272.669498,-0.628803,6.676709,3.625157
31 Dec 2017 23:58:00.000,6734.208809,1296.668882,704.033688,-1.623411,6.545192,3.553749
1 Jan 2018 00:00:00.000,6481.076942,2068.461956,1123.083098,-2.589205,6.299269,3.420224

